team,max,median,number_pass
TUM Rostlab,0.0076506112432115,0.00663021899455695,17
Marks Lab,0.0066979467897179,0.003915291791950875,18
MediumBio,0.006448727679247,0.005550561520241099,20
Exazyme,0.00628720050804225,0.00335983228866555,72
Nimbus,0.0048741168313099995,0.0011231434874411001,5
SergiR1996,0.00445827186889985,0.0019743261386055,40
Anonymous,0.0034609715874221,0.0019409075683391001,47
