team,max,median,number_pass
TUM Rostlab,0.0127646318653077,0.0111070224898509,33
MediumBio,0.012340354587674,0.009485970106905276,20
Marks Lab,0.0118718717562408,0.0091763471840274,9
Exazyme,0.0106556111724638,0.00670986320710685,77
Nimbus,0.00863986140072275,0.0044889826905074,4
Anonymous,0.0075802530756681995,0.003971930133497275,50
SergiR1996,0.0064594848523849505,0.003166230228913625,164
