team,max,median,number_pass
TUM Rostlab,0.0127646318653077,0.0110961821481327,30
MediumBio,0.012340354587674,0.009504828999925101,19
Marks Lab,0.0118718717562408,0.0091763471840274,7
Exazyme,0.0106556111724638,0.0071474751389623,63
Nimbus,0.00863986140072275,0.0085163905165764,3
Anonymous,0.0075802530756681995,0.0041314088301667,10
SergiR1996,0.0064594848523849505,0.00318383931451655,154
